,rank,title,year,link
0,1,The Shawshank Redemption,1994,/title/tt10189514/?pf_rd_m=A2FGELUUNOQJNL&pf_rd_p=2f80ce0f-cde7-404b-a728-2edf16584db1&pf_rd_r=TPQ3B1FNQFA5M2BGEGD3&pf_rd_s=center-1&pf_rd_t=15506&pf_rd_i=top&ref_=chttp_tt_250
1,2,The Godfather,1972,/title/tt10189514/?pf_rd_m=A2FGELUUNOQJNL&pf_rd_p=2f80ce0f-cde7-404b-a728-2edf16584db1&pf_rd_r=TPQ3B1FNQFA5M2BGEGD3&pf_rd_s=center-1&pf_rd_t=15506&pf_rd_i=top&ref_=chttp_tt_250
2,3,The Godfather: Part II,1974,/title/tt10189514/?pf_rd_m=A2FGELUUNOQJNL&pf_rd_p=2f80ce0f-cde7-404b-a728-2edf16584db1&pf_rd_r=TPQ3B1FNQFA5M2BGEGD3&pf_rd_s=center-1&pf_rd_t=15506&pf_rd_i=top&ref_=chttp_tt_250
3,4,The Dark Knight,2008,/title/tt10189514/?pf_rd_m=A2FGELUUNOQJNL&pf_rd_p=2f80ce0f-cde7-404b-a728-2edf16584db1&pf_rd_r=TPQ3B1FNQFA5M2BGEGD3&pf_rd_s=center-1&pf_rd_t=15506&pf_rd_i=top&ref_=chttp_tt_250
4,5,12 Angry Men,1957,/title/tt10189514/?pf_rd_m=A2FGELUUNOQJNL&pf_rd_p=2f80ce0f-cde7-404b-a728-2edf16584db1&pf_rd_r=TPQ3B1FNQFA5M2BGEGD3&pf_rd_s=center-1&pf_rd_t=15506&pf_rd_i=top&ref_=chttp_tt_250
5,6,Schindler's List,1993,/title/tt10189514/?pf_rd_m=A2FGELUUNOQJNL&pf_rd_p=2f80ce0f-cde7-404b-a728-2edf16584db1&pf_rd_r=TPQ3B1FNQFA5M2BGEGD3&pf_rd_s=center-1&pf_rd_t=15506&pf_rd_i=top&ref_=chttp_tt_250
6,7,The Lord of the Rings: The Return of the King,2003,/title/tt10189514/?pf_rd_m=A2FGELUUNOQJNL&pf_rd_p=2f80ce0f-cde7-404b-a728-2edf16584db1&pf_rd_r=TPQ3B1FNQFA5M2BGEGD3&pf_rd_s=center-1&pf_rd_t=15506&pf_rd_i=top&ref_=chttp_tt_250
7,8,Pulp Fiction,1994,/title/tt10189514/?pf_rd_m=A2FGELUUNOQJNL&pf_rd_p=2f80ce0f-cde7-404b-a728-2edf16584db1&pf_rd_r=TPQ3B1FNQFA5M2BGEGD3&pf_rd_s=center-1&pf_rd_t=15506&pf_rd_i=top&ref_=chttp_tt_250
8,9,"The Good, the Bad and the Ugly",1966,/title/tt10189514/?pf_rd_m=A2FGELUUNOQJNL&pf_rd_p=2f80ce0f-cde7-404b-a728-2edf16584db1&pf_rd_r=TPQ3B1FNQFA5M2BGEGD3&pf_rd_s=center-1&pf_rd_t=15506&pf_rd_i=top&ref_=chttp_tt_250
9,10,The Lord of the Rings: The Fellowship of the Ring,2001,/title/tt10189514/?pf_rd_m=A2FGELUUNOQJNL&pf_rd_p=2f80ce0f-cde7-404b-a728-2edf16584db1&pf_rd_r=TPQ3B1FNQFA5M2BGEGD3&pf_rd_s=center-1&pf_rd_t=15506&pf_rd_i=top&ref_=chttp_tt_250
10,11,Fight Club,1999,/title/tt10189514/?pf_rd_m=A2FGELUUNOQJNL&pf_rd_p=2f80ce0f-cde7-404b-a728-2edf16584db1&pf_rd_r=TPQ3B1FNQFA5M2BGEGD3&pf_rd_s=center-1&pf_rd_t=15506&pf_rd_i=top&ref_=chttp_tt_250
11,12,Forrest Gump,1994,/title/tt10189514/?pf_rd_m=A2FGELUUNOQJNL&pf_rd_p=2f80ce0f-cde7-404b-a728-2edf16584db1&pf_rd_r=TPQ3B1FNQFA5M2BGEGD3&pf_rd_s=center-1&pf_rd_t=15506&pf_rd_i=top&ref_=chttp_tt_250
12,13,Inception,2010,/title/tt10189514/?pf_rd_m=A2FGELUUNOQJNL&pf_rd_p=2f80ce0f-cde7-404b-a728-2edf16584db1&pf_rd_r=TPQ3B1FNQFA5M2BGEGD3&pf_rd_s=center-1&pf_rd_t=15506&pf_rd_i=top&ref_=chttp_tt_250
13,14,The Lord of the Rings: The Two Towers,2002,/title/tt10189514/?pf_rd_m=A2FGELUUNOQJNL&pf_rd_p=2f80ce0f-cde7-404b-a728-2edf16584db1&pf_rd_r=TPQ3B1FNQFA5M2BGEGD3&pf_rd_s=center-1&pf_rd_t=15506&pf_rd_i=top&ref_=chttp_tt_250
14,15,Star Wars: Episode V - The Empire Strikes Back,1980,/title/tt10189514/?pf_rd_m=A2FGELUUNOQJNL&pf_rd_p=2f80ce0f-cde7-404b-a728-2edf16584db1&pf_rd_r=TPQ3B1FNQFA5M2BGEGD3&pf_rd_s=center-1&pf_rd_t=15506&pf_rd_i=top&ref_=chttp_tt_250
15,16,The Matrix,1999,/title/tt10189514/?pf_rd_m=A2FGELUUNOQJNL&pf_rd_p=2f80ce0f-cde7-404b-a728-2edf16584db1&pf_rd_r=TPQ3B1FNQFA5M2BGEGD3&pf_rd_s=center-1&pf_rd_t=15506&pf_rd_i=top&ref_=chttp_tt_250
16,17,Goodfellas,1990,/title/tt10189514/?pf_rd_m=A2FGELUUNOQJNL&pf_rd_p=2f80ce0f-cde7-404b-a728-2edf16584db1&pf_rd_r=TPQ3B1FNQFA5M2BGEGD3&pf_rd_s=center-1&pf_rd_t=15506&pf_rd_i=top&ref_=chttp_tt_250
17,18,One Flew Over the Cuckoo's Nest,1975,/title/tt10189514/?pf_rd_m=A2FGELUUNOQJNL&pf_rd_p=2f80ce0f-cde7-404b-a728-2edf16584db1&pf_rd_r=TPQ3B1FNQFA5M2BGEGD3&pf_rd_s=center-1&pf_rd_t=15506&pf_rd_i=top&ref_=chttp_tt_250
18,19,Seven Samurai,1954,/title/tt10189514/?pf_rd_m=A2FGELUUNOQJNL&pf_rd_p=2f80ce0f-cde7-404b-a728-2edf16584db1&pf_rd_r=TPQ3B1FNQFA5M2BGEGD3&pf_rd_s=center-1&pf_rd_t=15506&pf_rd_i=top&ref_=chttp_tt_250
19,20,Se7en,1995,/title/tt10189514/?pf_rd_m=A2FGELUUNOQJNL&pf_rd_p=2f80ce0f-cde7-404b-a728-2edf16584db1&pf_rd_r=TPQ3B1FNQFA5M2BGEGD3&pf_rd_s=center-1&pf_rd_t=15506&pf_rd_i=top&ref_=chttp_tt_250
20,21,The Silence of the Lambs,1991,/title/tt10189514/?pf_rd_m=A2FGELUUNOQJNL&pf_rd_p=2f80ce0f-cde7-404b-a728-2edf16584db1&pf_rd_r=TPQ3B1FNQFA5M2BGEGD3&pf_rd_s=center-1&pf_rd_t=15506&pf_rd_i=top&ref_=chttp_tt_250
21,22,City of God,2002,/title/tt10189514/?pf_rd_m=A2FGELUUNOQJNL&pf_rd_p=2f80ce0f-cde7-404b-a728-2edf16584db1&pf_rd_r=TPQ3B1FNQFA5M2BGEGD3&pf_rd_s=center-1&pf_rd_t=15506&pf_rd_i=top&ref_=chttp_tt_250
22,23,Life Is Beautiful,1997,/title/tt10189514/?pf_rd_m=A2FGELUUNOQJNL&pf_rd_p=2f80ce0f-cde7-404b-a728-2edf16584db1&pf_rd_r=TPQ3B1FNQFA5M2BGEGD3&pf_rd_s=center-1&pf_rd_t=15506&pf_rd_i=top&ref_=chttp_tt_250
23,24,It's a Wonderful Life,1946,/title/tt10189514/?pf_rd_m=A2FGELUUNOQJNL&pf_rd_p=2f80ce0f-cde7-404b-a728-2edf16584db1&pf_rd_r=TPQ3B1FNQFA5M2BGEGD3&pf_rd_s=center-1&pf_rd_t=15506&pf_rd_i=top&ref_=chttp_tt_250
24,25,Star Wars: Episode IV - A New Hope,1977,/title/tt10189514/?pf_rd_m=A2FGELUUNOQJNL&pf_rd_p=2f80ce0f-cde7-404b-a728-2edf16584db1&pf_rd_r=TPQ3B1FNQFA5M2BGEGD3&pf_rd_s=center-1&pf_rd_t=15506&pf_rd_i=top&ref_=chttp_tt_250
25,26,Saving Private Ryan,1998,/title/tt10189514/?pf_rd_m=A2FGELUUNOQJNL&pf_rd_p=2f80ce0f-cde7-404b-a728-2edf16584db1&pf_rd_r=TPQ3B1FNQFA5M2BGEGD3&pf_rd_s=center-1&pf_rd_t=15506&pf_rd_i=top&ref_=chttp_tt_250
26,27,Interstellar,2014,/title/tt10189514/?pf_rd_m=A2FGELUUNOQJNL&pf_rd_p=2f80ce0f-cde7-404b-a728-2edf16584db1&pf_rd_r=TPQ3B1FNQFA5M2BGEGD3&pf_rd_s=center-1&pf_rd_t=15506&pf_rd_i=top&ref_=chttp_tt_250
27,28,Spirited Away,2001,/title/tt10189514/?pf_rd_m=A2FGELUUNOQJNL&pf_rd_p=2f80ce0f-cde7-404b-a728-2edf16584db1&pf_rd_r=TPQ3B1FNQFA5M2BGEGD3&pf_rd_s=center-1&pf_rd_t=15506&pf_rd_i=top&ref_=chttp_tt_250
28,29,The Green Mile,1999,/title/tt10189514/?pf_rd_m=A2FGELUUNOQJNL&pf_rd_p=2f80ce0f-cde7-404b-a728-2edf16584db1&pf_rd_r=TPQ3B1FNQFA5M2BGEGD3&pf_rd_s=center-1&pf_rd_t=15506&pf_rd_i=top&ref_=chttp_tt_250
29,30,Parasite,2019,/title/tt10189514/?pf_rd_m=A2FGELUUNOQJNL&pf_rd_p=2f80ce0f-cde7-404b-a728-2edf16584db1&pf_rd_r=TPQ3B1FNQFA5M2BGEGD3&pf_rd_s=center-1&pf_rd_t=15506&pf_rd_i=top&ref_=chttp_tt_250
30,31,Léon: The Professional,1994,/title/tt10189514/?pf_rd_m=A2FGELUUNOQJNL&pf_rd_p=2f80ce0f-cde7-404b-a728-2edf16584db1&pf_rd_r=TPQ3B1FNQFA5M2BGEGD3&pf_rd_s=center-1&pf_rd_t=15506&pf_rd_i=top&ref_=chttp_tt_250
31,32,Hara-Kiri,1962,/title/tt10189514/?pf_rd_m=A2FGELUUNOQJNL&pf_rd_p=2f80ce0f-cde7-404b-a728-2edf16584db1&pf_rd_r=TPQ3B1FNQFA5M2BGEGD3&pf_rd_s=center-1&pf_rd_t=15506&pf_rd_i=top&ref_=chttp_tt_250
32,33,The Pianist,2002,/title/tt10189514/?pf_rd_m=A2FGELUUNOQJNL&pf_rd_p=2f80ce0f-cde7-404b-a728-2edf16584db1&pf_rd_r=TPQ3B1FNQFA5M2BGEGD3&pf_rd_s=center-1&pf_rd_t=15506&pf_rd_i=top&ref_=chttp_tt_250
33,34,Terminator 2: Judgment Day,1991,/title/tt10189514/?pf_rd_m=A2FGELUUNOQJNL&pf_rd_p=2f80ce0f-cde7-404b-a728-2edf16584db1&pf_rd_r=TPQ3B1FNQFA5M2BGEGD3&pf_rd_s=center-1&pf_rd_t=15506&pf_rd_i=top&ref_=chttp_tt_250
34,35,The Usual Suspects,1995,/title/tt10189514/?pf_rd_m=A2FGELUUNOQJNL&pf_rd_p=2f80ce0f-cde7-404b-a728-2edf16584db1&pf_rd_r=TPQ3B1FNQFA5M2BGEGD3&pf_rd_s=center-1&pf_rd_t=15506&pf_rd_i=top&ref_=chttp_tt_250
35,36,Back to the Future,1985,/title/tt10189514/?pf_rd_m=A2FGELUUNOQJNL&pf_rd_p=2f80ce0f-cde7-404b-a728-2edf16584db1&pf_rd_r=TPQ3B1FNQFA5M2BGEGD3&pf_rd_s=center-1&pf_rd_t=15506&pf_rd_i=top&ref_=chttp_tt_250
36,37,Psycho,1960,/title/tt10189514/?pf_rd_m=A2FGELUUNOQJNL&pf_rd_p=2f80ce0f-cde7-404b-a728-2edf16584db1&pf_rd_r=TPQ3B1FNQFA5M2BGEGD3&pf_rd_s=center-1&pf_rd_t=15506&pf_rd_i=top&ref_=chttp_tt_250
37,38,The Lion King,1994,/title/tt10189514/?pf_rd_m=A2FGELUUNOQJNL&pf_rd_p=2f80ce0f-cde7-404b-a728-2edf16584db1&pf_rd_r=TPQ3B1FNQFA5M2BGEGD3&pf_rd_s=center-1&pf_rd_t=15506&pf_rd_i=top&ref_=chttp_tt_250
38,39,Modern Times,1936,/title/tt10189514/?pf_rd_m=A2FGELUUNOQJNL&pf_rd_p=2f80ce0f-cde7-404b-a728-2edf16584db1&pf_rd_r=TPQ3B1FNQFA5M2BGEGD3&pf_rd_s=center-1&pf_rd_t=15506&pf_rd_i=top&ref_=chttp_tt_250
39,40,American History X,1998,/title/tt10189514/?pf_rd_m=A2FGELUUNOQJNL&pf_rd_p=2f80ce0f-cde7-404b-a728-2edf16584db1&pf_rd_r=TPQ3B1FNQFA5M2BGEGD3&pf_rd_s=center-1&pf_rd_t=15506&pf_rd_i=top&ref_=chttp_tt_250
40,41,Grave of the Fireflies,1988,/title/tt10189514/?pf_rd_m=A2FGELUUNOQJNL&pf_rd_p=2f80ce0f-cde7-404b-a728-2edf16584db1&pf_rd_r=TPQ3B1FNQFA5M2BGEGD3&pf_rd_s=center-1&pf_rd_t=15506&pf_rd_i=top&ref_=chttp_tt_250
41,42,City Lights,1931,/title/tt10189514/?pf_rd_m=A2FGELUUNOQJNL&pf_rd_p=2f80ce0f-cde7-404b-a728-2edf16584db1&pf_rd_r=TPQ3B1FNQFA5M2BGEGD3&pf_rd_s=center-1&pf_rd_t=15506&pf_rd_i=top&ref_=chttp_tt_250
42,43,Whiplash,2014,/title/tt10189514/?pf_rd_m=A2FGELUUNOQJNL&pf_rd_p=2f80ce0f-cde7-404b-a728-2edf16584db1&pf_rd_r=TPQ3B1FNQFA5M2BGEGD3&pf_rd_s=center-1&pf_rd_t=15506&pf_rd_i=top&ref_=chttp_tt_250
43,44,Gladiator,2000,/title/tt10189514/?pf_rd_m=A2FGELUUNOQJNL&pf_rd_p=2f80ce0f-cde7-404b-a728-2edf16584db1&pf_rd_r=TPQ3B1FNQFA5M2BGEGD3&pf_rd_s=center-1&pf_rd_t=15506&pf_rd_i=top&ref_=chttp_tt_250
44,45,The Departed,2006,/title/tt10189514/?pf_rd_m=A2FGELUUNOQJNL&pf_rd_p=2f80ce0f-cde7-404b-a728-2edf16584db1&pf_rd_r=TPQ3B1FNQFA5M2BGEGD3&pf_rd_s=center-1&pf_rd_t=15506&pf_rd_i=top&ref_=chttp_tt_250
45,46,The Intouchables,2011,/title/tt10189514/?pf_rd_m=A2FGELUUNOQJNL&pf_rd_p=2f80ce0f-cde7-404b-a728-2edf16584db1&pf_rd_r=TPQ3B1FNQFA5M2BGEGD3&pf_rd_s=center-1&pf_rd_t=15506&pf_rd_i=top&ref_=chttp_tt_250
46,47,The Prestige,2006,/title/tt10189514/?pf_rd_m=A2FGELUUNOQJNL&pf_rd_p=2f80ce0f-cde7-404b-a728-2edf16584db1&pf_rd_r=TPQ3B1FNQFA5M2BGEGD3&pf_rd_s=center-1&pf_rd_t=15506&pf_rd_i=top&ref_=chttp_tt_250
47,48,Casablanca,1942,/title/tt10189514/?pf_rd_m=A2FGELUUNOQJNL&pf_rd_p=2f80ce0f-cde7-404b-a728-2edf16584db1&pf_rd_r=TPQ3B1FNQFA5M2BGEGD3&pf_rd_s=center-1&pf_rd_t=15506&pf_rd_i=top&ref_=chttp_tt_250
48,49,Once Upon a Time in the West,1968,/title/tt10189514/?pf_rd_m=A2FGELUUNOQJNL&pf_rd_p=2f80ce0f-cde7-404b-a728-2edf16584db1&pf_rd_r=TPQ3B1FNQFA5M2BGEGD3&pf_rd_s=center-1&pf_rd_t=15506&pf_rd_i=top&ref_=chttp_tt_250
49,50,Rear Window,1954,/title/tt10189514/?pf_rd_m=A2FGELUUNOQJNL&pf_rd_p=2f80ce0f-cde7-404b-a728-2edf16584db1&pf_rd_r=TPQ3B1FNQFA5M2BGEGD3&pf_rd_s=center-1&pf_rd_t=15506&pf_rd_i=top&ref_=chttp_tt_250
50,51,Cinema Paradiso,1988,/title/tt10189514/?pf_rd_m=A2FGELUUNOQJNL&pf_rd_p=2f80ce0f-cde7-404b-a728-2edf16584db1&pf_rd_r=TPQ3B1FNQFA5M2BGEGD3&pf_rd_s=center-1&pf_rd_t=15506&pf_rd_i=top&ref_=chttp_tt_250
51,52,Alien,1979,/title/tt10189514/?pf_rd_m=A2FGELUUNOQJNL&pf_rd_p=2f80ce0f-cde7-404b-a728-2edf16584db1&pf_rd_r=TPQ3B1FNQFA5M2BGEGD3&pf_rd_s=center-1&pf_rd_t=15506&pf_rd_i=top&ref_=chttp_tt_250
52,53,Apocalypse Now,1979,/title/tt10189514/?pf_rd_m=A2FGELUUNOQJNL&pf_rd_p=2f80ce0f-cde7-404b-a728-2edf16584db1&pf_rd_r=TPQ3B1FNQFA5M2BGEGD3&pf_rd_s=center-1&pf_rd_t=15506&pf_rd_i=top&ref_=chttp_tt_250
53,54,Memento,2000,/title/tt10189514/?pf_rd_m=A2FGELUUNOQJNL&pf_rd_p=2f80ce0f-cde7-404b-a728-2edf16584db1&pf_rd_r=TPQ3B1FNQFA5M2BGEGD3&pf_rd_s=center-1&pf_rd_t=15506&pf_rd_i=top&ref_=chttp_tt_250
54,55,Indiana Jones and the Raiders of the Lost Ark,1981,/title/tt10189514/?pf_rd_m=A2FGELUUNOQJNL&pf_rd_p=2f80ce0f-cde7-404b-a728-2edf16584db1&pf_rd_r=TPQ3B1FNQFA5M2BGEGD3&pf_rd_s=center-1&pf_rd_t=15506&pf_rd_i=top&ref_=chttp_tt_250
55,56,The Great Dictator,1940,/title/tt10189514/?pf_rd_m=A2FGELUUNOQJNL&pf_rd_p=2f80ce0f-cde7-404b-a728-2edf16584db1&pf_rd_r=TPQ3B1FNQFA5M2BGEGD3&pf_rd_s=center-1&pf_rd_t=15506&pf_rd_i=top&ref_=chttp_tt_250
56,57,The Lives of Others,2006,/title/tt10189514/?pf_rd_m=A2FGELUUNOQJNL&pf_rd_p=2f80ce0f-cde7-404b-a728-2edf16584db1&pf_rd_r=TPQ3B1FNQFA5M2BGEGD3&pf_rd_s=center-1&pf_rd_t=15506&pf_rd_i=top&ref_=chttp_tt_250
57,58,Django Unchained,2012,/title/tt10189514/?pf_rd_m=A2FGELUUNOQJNL&pf_rd_p=2f80ce0f-cde7-404b-a728-2edf16584db1&pf_rd_r=TPQ3B1FNQFA5M2BGEGD3&pf_rd_s=center-1&pf_rd_t=15506&pf_rd_i=top&ref_=chttp_tt_250
58,59,Paths of Glory,1957,/title/tt10189514/?pf_rd_m=A2FGELUUNOQJNL&pf_rd_p=2f80ce0f-cde7-404b-a728-2edf16584db1&pf_rd_r=TPQ3B1FNQFA5M2BGEGD3&pf_rd_s=center-1&pf_rd_t=15506&pf_rd_i=top&ref_=chttp_tt_250
59,60,Sunset Blvd,1950,/title/tt10189514/?pf_rd_m=A2FGELUUNOQJNL&pf_rd_p=2f80ce0f-cde7-404b-a728-2edf16584db1&pf_rd_r=TPQ3B1FNQFA5M2BGEGD3&pf_rd_s=center-1&pf_rd_t=15506&pf_rd_i=top&ref_=chttp_tt_250
60,61,WALL·E,2008,/title/tt10189514/?pf_rd_m=A2FGELUUNOQJNL&pf_rd_p=2f80ce0f-cde7-404b-a728-2edf16584db1&pf_rd_r=TPQ3B1FNQFA5M2BGEGD3&pf_rd_s=center-1&pf_rd_t=15506&pf_rd_i=top&ref_=chttp_tt_250
61,62,Avengers: Infinity War,2018,/title/tt10189514/?pf_rd_m=A2FGELUUNOQJNL&pf_rd_p=2f80ce0f-cde7-404b-a728-2edf16584db1&pf_rd_r=TPQ3B1FNQFA5M2BGEGD3&pf_rd_s=center-1&pf_rd_t=15506&pf_rd_i=top&ref_=chttp_tt_250
62,63,Witness for the Prosecution,1957,/title/tt10189514/?pf_rd_m=A2FGELUUNOQJNL&pf_rd_p=2f80ce0f-cde7-404b-a728-2edf16584db1&pf_rd_r=TPQ3B1FNQFA5M2BGEGD3&pf_rd_s=center-1&pf_rd_t=15506&pf_rd_i=top&ref_=chttp_tt_250
63,64,The Shining,1980,/title/tt10189514/?pf_rd_m=A2FGELUUNOQJNL&pf_rd_p=2f80ce0f-cde7-404b-a728-2edf16584db1&pf_rd_r=TPQ3B1FNQFA5M2BGEGD3&pf_rd_s=center-1&pf_rd_t=15506&pf_rd_i=top&ref_=chttp_tt_250
64,65,Spider-Man: Into the Spider-Verse,2018,/title/tt10189514/?pf_rd_m=A2FGELUUNOQJNL&pf_rd_p=2f80ce0f-cde7-404b-a728-2edf16584db1&pf_rd_r=TPQ3B1FNQFA5M2BGEGD3&pf_rd_s=center-1&pf_rd_t=15506&pf_rd_i=top&ref_=chttp_tt_250
65,66,Dr,1964,/title/tt10189514/?pf_rd_m=A2FGELUUNOQJNL&pf_rd_p=2f80ce0f-cde7-404b-a728-2edf16584db1&pf_rd_r=TPQ3B1FNQFA5M2BGEGD3&pf_rd_s=center-1&pf_rd_t=15506&pf_rd_i=top&ref_=chttp_tt_250
66,67,Princess Mononoke,1997,/title/tt10189514/?pf_rd_m=A2FGELUUNOQJNL&pf_rd_p=2f80ce0f-cde7-404b-a728-2edf16584db1&pf_rd_r=TPQ3B1FNQFA5M2BGEGD3&pf_rd_s=center-1&pf_rd_t=15506&pf_rd_i=top&ref_=chttp_tt_250
67,68,Joker,2019,/title/tt10189514/?pf_rd_m=A2FGELUUNOQJNL&pf_rd_p=2f80ce0f-cde7-404b-a728-2edf16584db1&pf_rd_r=TPQ3B1FNQFA5M2BGEGD3&pf_rd_s=center-1&pf_rd_t=15506&pf_rd_i=top&ref_=chttp_tt_250
68,69,Oldboy,2003,/title/tt10189514/?pf_rd_m=A2FGELUUNOQJNL&pf_rd_p=2f80ce0f-cde7-404b-a728-2edf16584db1&pf_rd_r=TPQ3B1FNQFA5M2BGEGD3&pf_rd_s=center-1&pf_rd_t=15506&pf_rd_i=top&ref_=chttp_tt_250
69,70,Your Name,2016,/title/tt10189514/?pf_rd_m=A2FGELUUNOQJNL&pf_rd_p=2f80ce0f-cde7-404b-a728-2edf16584db1&pf_rd_r=TPQ3B1FNQFA5M2BGEGD3&pf_rd_s=center-1&pf_rd_t=15506&pf_rd_i=top&ref_=chttp_tt_250
70,71,The Dark Knight Rises,2012,/title/tt10189514/?pf_rd_m=A2FGELUUNOQJNL&pf_rd_p=2f80ce0f-cde7-404b-a728-2edf16584db1&pf_rd_r=TPQ3B1FNQFA5M2BGEGD3&pf_rd_s=center-1&pf_rd_t=15506&pf_rd_i=top&ref_=chttp_tt_250
71,72,Coco,2017,/title/tt10189514/?pf_rd_m=A2FGELUUNOQJNL&pf_rd_p=2f80ce0f-cde7-404b-a728-2edf16584db1&pf_rd_r=TPQ3B1FNQFA5M2BGEGD3&pf_rd_s=center-1&pf_rd_t=15506&pf_rd_i=top&ref_=chttp_tt_250
72,73,Aliens,1986,/title/tt10189514/?pf_rd_m=A2FGELUUNOQJNL&pf_rd_p=2f80ce0f-cde7-404b-a728-2edf16584db1&pf_rd_r=TPQ3B1FNQFA5M2BGEGD3&pf_rd_s=center-1&pf_rd_t=15506&pf_rd_i=top&ref_=chttp_tt_250
73,74,Once Upon a Time in America,1984,/title/tt10189514/?pf_rd_m=A2FGELUUNOQJNL&pf_rd_p=2f80ce0f-cde7-404b-a728-2edf16584db1&pf_rd_r=TPQ3B1FNQFA5M2BGEGD3&pf_rd_s=center-1&pf_rd_t=15506&pf_rd_i=top&ref_=chttp_tt_250
74,75,Avengers: Endgame,2019,/title/tt10189514/?pf_rd_m=A2FGELUUNOQJNL&pf_rd_p=2f80ce0f-cde7-404b-a728-2edf16584db1&pf_rd_r=TPQ3B1FNQFA5M2BGEGD3&pf_rd_s=center-1&pf_rd_t=15506&pf_rd_i=top&ref_=chttp_tt_250
75,76,Capernaum,2018,/title/tt10189514/?pf_rd_m=A2FGELUUNOQJNL&pf_rd_p=2f80ce0f-cde7-404b-a728-2edf16584db1&pf_rd_r=TPQ3B1FNQFA5M2BGEGD3&pf_rd_s=center-1&pf_rd_t=15506&pf_rd_i=top&ref_=chttp_tt_250
76,77,Das Boot,1981,/title/tt10189514/?pf_rd_m=A2FGELUUNOQJNL&pf_rd_p=2f80ce0f-cde7-404b-a728-2edf16584db1&pf_rd_r=TPQ3B1FNQFA5M2BGEGD3&pf_rd_s=center-1&pf_rd_t=15506&pf_rd_i=top&ref_=chttp_tt_250
77,78,High and Low,1963,/title/tt10189514/?pf_rd_m=A2FGELUUNOQJNL&pf_rd_p=2f80ce0f-cde7-404b-a728-2edf16584db1&pf_rd_r=TPQ3B1FNQFA5M2BGEGD3&pf_rd_s=center-1&pf_rd_t=15506&pf_rd_i=top&ref_=chttp_tt_250
78,79,American Beauty,1999,/title/tt10189514/?pf_rd_m=A2FGELUUNOQJNL&pf_rd_p=2f80ce0f-cde7-404b-a728-2edf16584db1&pf_rd_r=TPQ3B1FNQFA5M2BGEGD3&pf_rd_s=center-1&pf_rd_t=15506&pf_rd_i=top&ref_=chttp_tt_250
79,80,Toy Story,1995,/title/tt10189514/?pf_rd_m=A2FGELUUNOQJNL&pf_rd_p=2f80ce0f-cde7-404b-a728-2edf16584db1&pf_rd_r=TPQ3B1FNQFA5M2BGEGD3&pf_rd_s=center-1&pf_rd_t=15506&pf_rd_i=top&ref_=chttp_tt_250
80,81,3 Idiots,2009,/title/tt10189514/?pf_rd_m=A2FGELUUNOQJNL&pf_rd_p=2f80ce0f-cde7-404b-a728-2edf16584db1&pf_rd_r=TPQ3B1FNQFA5M2BGEGD3&pf_rd_s=center-1&pf_rd_t=15506&pf_rd_i=top&ref_=chttp_tt_250
81,82,Amadeus,1984,/title/tt10189514/?pf_rd_m=A2FGELUUNOQJNL&pf_rd_p=2f80ce0f-cde7-404b-a728-2edf16584db1&pf_rd_r=TPQ3B1FNQFA5M2BGEGD3&pf_rd_s=center-1&pf_rd_t=15506&pf_rd_i=top&ref_=chttp_tt_250
82,83,Braveheart,1995,/title/tt10189514/?pf_rd_m=A2FGELUUNOQJNL&pf_rd_p=2f80ce0f-cde7-404b-a728-2edf16584db1&pf_rd_r=TPQ3B1FNQFA5M2BGEGD3&pf_rd_s=center-1&pf_rd_t=15506&pf_rd_i=top&ref_=chttp_tt_250
83,84,Hamilton,2020,/title/tt10189514/?pf_rd_m=A2FGELUUNOQJNL&pf_rd_p=2f80ce0f-cde7-404b-a728-2edf16584db1&pf_rd_r=TPQ3B1FNQFA5M2BGEGD3&pf_rd_s=center-1&pf_rd_t=15506&pf_rd_i=top&ref_=chttp_tt_250
84,85,Inglourious Basterds,2009,/title/tt10189514/?pf_rd_m=A2FGELUUNOQJNL&pf_rd_p=2f80ce0f-cde7-404b-a728-2edf16584db1&pf_rd_r=TPQ3B1FNQFA5M2BGEGD3&pf_rd_s=center-1&pf_rd_t=15506&pf_rd_i=top&ref_=chttp_tt_250
85,86,Good Will Hunting,1997,/title/tt10189514/?pf_rd_m=A2FGELUUNOQJNL&pf_rd_p=2f80ce0f-cde7-404b-a728-2edf16584db1&pf_rd_r=TPQ3B1FNQFA5M2BGEGD3&pf_rd_s=center-1&pf_rd_t=15506&pf_rd_i=top&ref_=chttp_tt_250
86,87,Star Wars: Episode VI - Return of the Jedi,1983,/title/tt10189514/?pf_rd_m=A2FGELUUNOQJNL&pf_rd_p=2f80ce0f-cde7-404b-a728-2edf16584db1&pf_rd_r=TPQ3B1FNQFA5M2BGEGD3&pf_rd_s=center-1&pf_rd_t=15506&pf_rd_i=top&ref_=chttp_tt_250
87,88,2001: A Space Odyssey,1968,/title/tt10189514/?pf_rd_m=A2FGELUUNOQJNL&pf_rd_p=2f80ce0f-cde7-404b-a728-2edf16584db1&pf_rd_r=TPQ3B1FNQFA5M2BGEGD3&pf_rd_s=center-1&pf_rd_t=15506&pf_rd_i=top&ref_=chttp_tt_250
88,89,Reservoir Dogs,1992,/title/tt10189514/?pf_rd_m=A2FGELUUNOQJNL&pf_rd_p=2f80ce0f-cde7-404b-a728-2edf16584db1&pf_rd_r=TPQ3B1FNQFA5M2BGEGD3&pf_rd_s=center-1&pf_rd_t=15506&pf_rd_i=top&ref_=chttp_tt_250
89,90,M,1931,/title/tt10189514/?pf_rd_m=A2FGELUUNOQJNL&pf_rd_p=2f80ce0f-cde7-404b-a728-2edf16584db1&pf_rd_r=TPQ3B1FNQFA5M2BGEGD3&pf_rd_s=center-1&pf_rd_t=15506&pf_rd_i=top&ref_=chttp_tt_250
90,91,Vertigo,1958,/title/tt10189514/?pf_rd_m=A2FGELUUNOQJNL&pf_rd_p=2f80ce0f-cde7-404b-a728-2edf16584db1&pf_rd_r=TPQ3B1FNQFA5M2BGEGD3&pf_rd_s=center-1&pf_rd_t=15506&pf_rd_i=top&ref_=chttp_tt_250
91,92,Like Stars on Earth,2007,/title/tt10189514/?pf_rd_m=A2FGELUUNOQJNL&pf_rd_p=2f80ce0f-cde7-404b-a728-2edf16584db1&pf_rd_r=TPQ3B1FNQFA5M2BGEGD3&pf_rd_s=center-1&pf_rd_t=15506&pf_rd_i=top&ref_=chttp_tt_250
92,93,Come and See,1985,/title/tt10189514/?pf_rd_m=A2FGELUUNOQJNL&pf_rd_p=2f80ce0f-cde7-404b-a728-2edf16584db1&pf_rd_r=TPQ3B1FNQFA5M2BGEGD3&pf_rd_s=center-1&pf_rd_t=15506&pf_rd_i=top&ref_=chttp_tt_250
93,94,Citizen Kane,1941,/title/tt10189514/?pf_rd_m=A2FGELUUNOQJNL&pf_rd_p=2f80ce0f-cde7-404b-a728-2edf16584db1&pf_rd_r=TPQ3B1FNQFA5M2BGEGD3&pf_rd_s=center-1&pf_rd_t=15506&pf_rd_i=top&ref_=chttp_tt_250
94,95,The Hunt,2012,/title/tt10189514/?pf_rd_m=A2FGELUUNOQJNL&pf_rd_p=2f80ce0f-cde7-404b-a728-2edf16584db1&pf_rd_r=TPQ3B1FNQFA5M2BGEGD3&pf_rd_s=center-1&pf_rd_t=15506&pf_rd_i=top&ref_=chttp_tt_250
95,96,Requiem for a Dream,2000,/title/tt10189514/?pf_rd_m=A2FGELUUNOQJNL&pf_rd_p=2f80ce0f-cde7-404b-a728-2edf16584db1&pf_rd_r=TPQ3B1FNQFA5M2BGEGD3&pf_rd_s=center-1&pf_rd_t=15506&pf_rd_i=top&ref_=chttp_tt_250
96,97,Singin' in the Rain,1952,/title/tt10189514/?pf_rd_m=A2FGELUUNOQJNL&pf_rd_p=2f80ce0f-cde7-404b-a728-2edf16584db1&pf_rd_r=TPQ3B1FNQFA5M2BGEGD3&pf_rd_s=center-1&pf_rd_t=15506&pf_rd_i=top&ref_=chttp_tt_250
97,98,North by Northwest,1959,/title/tt10189514/?pf_rd_m=A2FGELUUNOQJNL&pf_rd_p=2f80ce0f-cde7-404b-a728-2edf16584db1&pf_rd_r=TPQ3B1FNQFA5M2BGEGD3&pf_rd_s=center-1&pf_rd_t=15506&pf_rd_i=top&ref_=chttp_tt_250
98,99,Eternal Sunshine of the Spotless Mind,2004,/title/tt10189514/?pf_rd_m=A2FGELUUNOQJNL&pf_rd_p=2f80ce0f-cde7-404b-a728-2edf16584db1&pf_rd_r=TPQ3B1FNQFA5M2BGEGD3&pf_rd_s=center-1&pf_rd_t=15506&pf_rd_i=top&ref_=chttp_tt_250
99,100,Bicycle Thieves,1948,/title/tt10189514/?pf_rd_m=A2FGELUUNOQJNL&pf_rd_p=2f80ce0f-cde7-404b-a728-2edf16584db1&pf_rd_r=TPQ3B1FNQFA5M2BGEGD3&pf_rd_s=center-1&pf_rd_t=15506&pf_rd_i=top&ref_=chttp_tt_250
100,101,Ikiru,1952,/title/tt10189514/?pf_rd_m=A2FGELUUNOQJNL&pf_rd_p=2f80ce0f-cde7-404b-a728-2edf16584db1&pf_rd_r=TPQ3B1FNQFA5M2BGEGD3&pf_rd_s=center-1&pf_rd_t=15506&pf_rd_i=top&ref_=chttp_tt_250
101,102,Lawrence of Arabia,1962,/title/tt10189514/?pf_rd_m=A2FGELUUNOQJNL&pf_rd_p=2f80ce0f-cde7-404b-a728-2edf16584db1&pf_rd_r=TPQ3B1FNQFA5M2BGEGD3&pf_rd_s=center-1&pf_rd_t=15506&pf_rd_i=top&ref_=chttp_tt_250
102,103,The Kid,1921,/title/tt10189514/?pf_rd_m=A2FGELUUNOQJNL&pf_rd_p=2f80ce0f-cde7-404b-a728-2edf16584db1&pf_rd_r=TPQ3B1FNQFA5M2BGEGD3&pf_rd_s=center-1&pf_rd_t=15506&pf_rd_i=top&ref_=chttp_tt_250
103,104,Full Metal Jacket,1987,/title/tt10189514/?pf_rd_m=A2FGELUUNOQJNL&pf_rd_p=2f80ce0f-cde7-404b-a728-2edf16584db1&pf_rd_r=TPQ3B1FNQFA5M2BGEGD3&pf_rd_s=center-1&pf_rd_t=15506&pf_rd_i=top&ref_=chttp_tt_250
104,105,Dangal,2016,/title/tt10189514/?pf_rd_m=A2FGELUUNOQJNL&pf_rd_p=2f80ce0f-cde7-404b-a728-2edf16584db1&pf_rd_r=TPQ3B1FNQFA5M2BGEGD3&pf_rd_s=center-1&pf_rd_t=15506&pf_rd_i=top&ref_=chttp_tt_250
105,106,The Father,2020,/title/tt10189514/?pf_rd_m=A2FGELUUNOQJNL&pf_rd_p=2f80ce0f-cde7-404b-a728-2edf16584db1&pf_rd_r=TPQ3B1FNQFA5M2BGEGD3&pf_rd_s=center-1&pf_rd_t=15506&pf_rd_i=top&ref_=chttp_tt_250
106,107,The Apartment,1960,/title/tt10189514/?pf_rd_m=A2FGELUUNOQJNL&pf_rd_p=2f80ce0f-cde7-404b-a728-2edf16584db1&pf_rd_r=TPQ3B1FNQFA5M2BGEGD3&pf_rd_s=center-1&pf_rd_t=15506&pf_rd_i=top&ref_=chttp_tt_250
107,108,Incendies,2010,/title/tt10189514/?pf_rd_m=A2FGELUUNOQJNL&pf_rd_p=2f80ce0f-cde7-404b-a728-2edf16584db1&pf_rd_r=TPQ3B1FNQFA5M2BGEGD3&pf_rd_s=center-1&pf_rd_t=15506&pf_rd_i=top&ref_=chttp_tt_250
108,109,Pather Panchali,1955,/title/tt10189514/?pf_rd_m=A2FGELUUNOQJNL&pf_rd_p=2f80ce0f-cde7-404b-a728-2edf16584db1&pf_rd_r=TPQ3B1FNQFA5M2BGEGD3&pf_rd_s=center-1&pf_rd_t=15506&pf_rd_i=top&ref_=chttp_tt_250
109,110,A Clockwork Orange,1971,/title/tt10189514/?pf_rd_m=A2FGELUUNOQJNL&pf_rd_p=2f80ce0f-cde7-404b-a728-2edf16584db1&pf_rd_r=TPQ3B1FNQFA5M2BGEGD3&pf_rd_s=center-1&pf_rd_t=15506&pf_rd_i=top&ref_=chttp_tt_250
110,111,Metropolis,1927,/title/tt10189514/?pf_rd_m=A2FGELUUNOQJNL&pf_rd_p=2f80ce0f-cde7-404b-a728-2edf16584db1&pf_rd_r=TPQ3B1FNQFA5M2BGEGD3&pf_rd_s=center-1&pf_rd_t=15506&pf_rd_i=top&ref_=chttp_tt_250
111,112,Taxi Driver,1976,/title/tt10189514/?pf_rd_m=A2FGELUUNOQJNL&pf_rd_p=2f80ce0f-cde7-404b-a728-2edf16584db1&pf_rd_r=TPQ3B1FNQFA5M2BGEGD3&pf_rd_s=center-1&pf_rd_t=15506&pf_rd_i=top&ref_=chttp_tt_250
112,113,Double Indemnity,1944,/title/tt10189514/?pf_rd_m=A2FGELUUNOQJNL&pf_rd_p=2f80ce0f-cde7-404b-a728-2edf16584db1&pf_rd_r=TPQ3B1FNQFA5M2BGEGD3&pf_rd_s=center-1&pf_rd_t=15506&pf_rd_i=top&ref_=chttp_tt_250
113,114,A Separation,2011,/title/tt10189514/?pf_rd_m=A2FGELUUNOQJNL&pf_rd_p=2f80ce0f-cde7-404b-a728-2edf16584db1&pf_rd_r=TPQ3B1FNQFA5M2BGEGD3&pf_rd_s=center-1&pf_rd_t=15506&pf_rd_i=top&ref_=chttp_tt_250
114,115,The Sting,1973,/title/tt10189514/?pf_rd_m=A2FGELUUNOQJNL&pf_rd_p=2f80ce0f-cde7-404b-a728-2edf16584db1&pf_rd_r=TPQ3B1FNQFA5M2BGEGD3&pf_rd_s=center-1&pf_rd_t=15506&pf_rd_i=top&ref_=chttp_tt_250
115,116,Scarface,1983,/title/tt10189514/?pf_rd_m=A2FGELUUNOQJNL&pf_rd_p=2f80ce0f-cde7-404b-a728-2edf16584db1&pf_rd_r=TPQ3B1FNQFA5M2BGEGD3&pf_rd_s=center-1&pf_rd_t=15506&pf_rd_i=top&ref_=chttp_tt_250
116,117,Snatch,2000,/title/tt10189514/?pf_rd_m=A2FGELUUNOQJNL&pf_rd_p=2f80ce0f-cde7-404b-a728-2edf16584db1&pf_rd_r=TPQ3B1FNQFA5M2BGEGD3&pf_rd_s=center-1&pf_rd_t=15506&pf_rd_i=top&ref_=chttp_tt_250
117,118,1917,2019,/title/tt10189514/?pf_rd_m=A2FGELUUNOQJNL&pf_rd_p=2f80ce0f-cde7-404b-a728-2edf16584db1&pf_rd_r=TPQ3B1FNQFA5M2BGEGD3&pf_rd_s=center-1&pf_rd_t=15506&pf_rd_i=top&ref_=chttp_tt_250
118,119,Amélie,2001,/title/tt10189514/?pf_rd_m=A2FGELUUNOQJNL&pf_rd_p=2f80ce0f-cde7-404b-a728-2edf16584db1&pf_rd_r=TPQ3B1FNQFA5M2BGEGD3&pf_rd_s=center-1&pf_rd_t=15506&pf_rd_i=top&ref_=chttp_tt_250
119,120,To Kill a Mockingbird,1962,/title/tt10189514/?pf_rd_m=A2FGELUUNOQJNL&pf_rd_p=2f80ce0f-cde7-404b-a728-2edf16584db1&pf_rd_r=TPQ3B1FNQFA5M2BGEGD3&pf_rd_s=center-1&pf_rd_t=15506&pf_rd_i=top&ref_=chttp_tt_250
120,121,Toy Story 3,2010,/title/tt10189514/?pf_rd_m=A2FGELUUNOQJNL&pf_rd_p=2f80ce0f-cde7-404b-a728-2edf16584db1&pf_rd_r=TPQ3B1FNQFA5M2BGEGD3&pf_rd_s=center-1&pf_rd_t=15506&pf_rd_i=top&ref_=chttp_tt_250
121,122,Jai Bhim,2021,/title/tt10189514/?pf_rd_m=A2FGELUUNOQJNL&pf_rd_p=2f80ce0f-cde7-404b-a728-2edf16584db1&pf_rd_r=TPQ3B1FNQFA5M2BGEGD3&pf_rd_s=center-1&pf_rd_t=15506&pf_rd_i=top&ref_=chttp_tt_250
122,123,For a Few Dollars More,1965,/title/tt10189514/?pf_rd_m=A2FGELUUNOQJNL&pf_rd_p=2f80ce0f-cde7-404b-a728-2edf16584db1&pf_rd_r=TPQ3B1FNQFA5M2BGEGD3&pf_rd_s=center-1&pf_rd_t=15506&pf_rd_i=top&ref_=chttp_tt_250
123,124,Up,2009,/title/tt10189514/?pf_rd_m=A2FGELUUNOQJNL&pf_rd_p=2f80ce0f-cde7-404b-a728-2edf16584db1&pf_rd_r=TPQ3B1FNQFA5M2BGEGD3&pf_rd_s=center-1&pf_rd_t=15506&pf_rd_i=top&ref_=chttp_tt_250
124,125,Indiana Jones and the Last Crusade,1989,/title/tt10189514/?pf_rd_m=A2FGELUUNOQJNL&pf_rd_p=2f80ce0f-cde7-404b-a728-2edf16584db1&pf_rd_r=TPQ3B1FNQFA5M2BGEGD3&pf_rd_s=center-1&pf_rd_t=15506&pf_rd_i=top&ref_=chttp_tt_250
125,126,Heat,1995,/title/tt10189514/?pf_rd_m=A2FGELUUNOQJNL&pf_rd_p=2f80ce0f-cde7-404b-a728-2edf16584db1&pf_rd_r=TPQ3B1FNQFA5M2BGEGD3&pf_rd_s=center-1&pf_rd_t=15506&pf_rd_i=top&ref_=chttp_tt_250
126,127,L,1997,/title/tt10189514/?pf_rd_m=A2FGELUUNOQJNL&pf_rd_p=2f80ce0f-cde7-404b-a728-2edf16584db1&pf_rd_r=TPQ3B1FNQFA5M2BGEGD3&pf_rd_s=center-1&pf_rd_t=15506&pf_rd_i=top&ref_=chttp_tt_250
127,128,Yojimbo,1961,/title/tt10189514/?pf_rd_m=A2FGELUUNOQJNL&pf_rd_p=2f80ce0f-cde7-404b-a728-2edf16584db1&pf_rd_r=TPQ3B1FNQFA5M2BGEGD3&pf_rd_s=center-1&pf_rd_t=15506&pf_rd_i=top&ref_=chttp_tt_250
128,129,Ran,1985,/title/tt10189514/?pf_rd_m=A2FGELUUNOQJNL&pf_rd_p=2f80ce0f-cde7-404b-a728-2edf16584db1&pf_rd_r=TPQ3B1FNQFA5M2BGEGD3&pf_rd_s=center-1&pf_rd_t=15506&pf_rd_i=top&ref_=chttp_tt_250
129,130,Die Hard,1988,/title/tt10189514/?pf_rd_m=A2FGELUUNOQJNL&pf_rd_p=2f80ce0f-cde7-404b-a728-2edf16584db1&pf_rd_r=TPQ3B1FNQFA5M2BGEGD3&pf_rd_s=center-1&pf_rd_t=15506&pf_rd_i=top&ref_=chttp_tt_250
130,131,Rashomon,1950,/title/tt10189514/?pf_rd_m=A2FGELUUNOQJNL&pf_rd_p=2f80ce0f-cde7-404b-a728-2edf16584db1&pf_rd_r=TPQ3B1FNQFA5M2BGEGD3&pf_rd_s=center-1&pf_rd_t=15506&pf_rd_i=top&ref_=chttp_tt_250
131,132,Green Book,2018,/title/tt10189514/?pf_rd_m=A2FGELUUNOQJNL&pf_rd_p=2f80ce0f-cde7-404b-a728-2edf16584db1&pf_rd_r=TPQ3B1FNQFA5M2BGEGD3&pf_rd_s=center-1&pf_rd_t=15506&pf_rd_i=top&ref_=chttp_tt_250
132,133,Downfall,2004,/title/tt10189514/?pf_rd_m=A2FGELUUNOQJNL&pf_rd_p=2f80ce0f-cde7-404b-a728-2edf16584db1&pf_rd_r=TPQ3B1FNQFA5M2BGEGD3&pf_rd_s=center-1&pf_rd_t=15506&pf_rd_i=top&ref_=chttp_tt_250
133,134,Monty Python and the Holy Grail,1975,/title/tt10189514/?pf_rd_m=A2FGELUUNOQJNL&pf_rd_p=2f80ce0f-cde7-404b-a728-2edf16584db1&pf_rd_r=TPQ3B1FNQFA5M2BGEGD3&pf_rd_s=center-1&pf_rd_t=15506&pf_rd_i=top&ref_=chttp_tt_250
134,135,All About Eve,1950,/title/tt10189514/?pf_rd_m=A2FGELUUNOQJNL&pf_rd_p=2f80ce0f-cde7-404b-a728-2edf16584db1&pf_rd_r=TPQ3B1FNQFA5M2BGEGD3&pf_rd_s=center-1&pf_rd_t=15506&pf_rd_i=top&ref_=chttp_tt_250
135,136,Some Like It Hot,1959,/title/tt10189514/?pf_rd_m=A2FGELUUNOQJNL&pf_rd_p=2f80ce0f-cde7-404b-a728-2edf16584db1&pf_rd_r=TPQ3B1FNQFA5M2BGEGD3&pf_rd_s=center-1&pf_rd_t=15506&pf_rd_i=top&ref_=chttp_tt_250
136,137,Batman Begins,2005,/title/tt10189514/?pf_rd_m=A2FGELUUNOQJNL&pf_rd_p=2f80ce0f-cde7-404b-a728-2edf16584db1&pf_rd_r=TPQ3B1FNQFA5M2BGEGD3&pf_rd_s=center-1&pf_rd_t=15506&pf_rd_i=top&ref_=chttp_tt_250
137,138,Unforgiven,1992,/title/tt10189514/?pf_rd_m=A2FGELUUNOQJNL&pf_rd_p=2f80ce0f-cde7-404b-a728-2edf16584db1&pf_rd_r=TPQ3B1FNQFA5M2BGEGD3&pf_rd_s=center-1&pf_rd_t=15506&pf_rd_i=top&ref_=chttp_tt_250
138,139,Children of Heaven,1997,/title/tt10189514/?pf_rd_m=A2FGELUUNOQJNL&pf_rd_p=2f80ce0f-cde7-404b-a728-2edf16584db1&pf_rd_r=TPQ3B1FNQFA5M2BGEGD3&pf_rd_s=center-1&pf_rd_t=15506&pf_rd_i=top&ref_=chttp_tt_250
139,140,Howl's Moving Castle,2004,/title/tt10189514/?pf_rd_m=A2FGELUUNOQJNL&pf_rd_p=2f80ce0f-cde7-404b-a728-2edf16584db1&pf_rd_r=TPQ3B1FNQFA5M2BGEGD3&pf_rd_s=center-1&pf_rd_t=15506&pf_rd_i=top&ref_=chttp_tt_250
140,141,The Wolf of Wall Street,2013,/title/tt10189514/?pf_rd_m=A2FGELUUNOQJNL&pf_rd_p=2f80ce0f-cde7-404b-a728-2edf16584db1&pf_rd_r=TPQ3B1FNQFA5M2BGEGD3&pf_rd_s=center-1&pf_rd_t=15506&pf_rd_i=top&ref_=chttp_tt_250
141,142,Judgment at Nuremberg,1961,/title/tt10189514/?pf_rd_m=A2FGELUUNOQJNL&pf_rd_p=2f80ce0f-cde7-404b-a728-2edf16584db1&pf_rd_r=TPQ3B1FNQFA5M2BGEGD3&pf_rd_s=center-1&pf_rd_t=15506&pf_rd_i=top&ref_=chttp_tt_250
142,143,The Great Escape,1963,/title/tt10189514/?pf_rd_m=A2FGELUUNOQJNL&pf_rd_p=2f80ce0f-cde7-404b-a728-2edf16584db1&pf_rd_r=TPQ3B1FNQFA5M2BGEGD3&pf_rd_s=center-1&pf_rd_t=15506&pf_rd_i=top&ref_=chttp_tt_250
143,144,Casino,1995,/title/tt10189514/?pf_rd_m=A2FGELUUNOQJNL&pf_rd_p=2f80ce0f-cde7-404b-a728-2edf16584db1&pf_rd_r=TPQ3B1FNQFA5M2BGEGD3&pf_rd_s=center-1&pf_rd_t=15506&pf_rd_i=top&ref_=chttp_tt_250
144,145,There Will Be Blood,2007,/title/tt10189514/?pf_rd_m=A2FGELUUNOQJNL&pf_rd_p=2f80ce0f-cde7-404b-a728-2edf16584db1&pf_rd_r=TPQ3B1FNQFA5M2BGEGD3&pf_rd_s=center-1&pf_rd_t=15506&pf_rd_i=top&ref_=chttp_tt_250
145,146,The Treasure of the Sierra Madre,1948,/title/tt10189514/?pf_rd_m=A2FGELUUNOQJNL&pf_rd_p=2f80ce0f-cde7-404b-a728-2edf16584db1&pf_rd_r=TPQ3B1FNQFA5M2BGEGD3&pf_rd_s=center-1&pf_rd_t=15506&pf_rd_i=top&ref_=chttp_tt_250
146,147,Pan's Labyrinth,2006,/title/tt10189514/?pf_rd_m=A2FGELUUNOQJNL&pf_rd_p=2f80ce0f-cde7-404b-a728-2edf16584db1&pf_rd_r=TPQ3B1FNQFA5M2BGEGD3&pf_rd_s=center-1&pf_rd_t=15506&pf_rd_i=top&ref_=chttp_tt_250
147,148,A Beautiful Mind,2001,/title/tt10189514/?pf_rd_m=A2FGELUUNOQJNL&pf_rd_p=2f80ce0f-cde7-404b-a728-2edf16584db1&pf_rd_r=TPQ3B1FNQFA5M2BGEGD3&pf_rd_s=center-1&pf_rd_t=15506&pf_rd_i=top&ref_=chttp_tt_250
148,149,The Secret in Their Eyes,2009,/title/tt10189514/?pf_rd_m=A2FGELUUNOQJNL&pf_rd_p=2f80ce0f-cde7-404b-a728-2edf16584db1&pf_rd_r=TPQ3B1FNQFA5M2BGEGD3&pf_rd_s=center-1&pf_rd_t=15506&pf_rd_i=top&ref_=chttp_tt_250
149,150,Dersu Uzala,1975,/title/tt10189514/?pf_rd_m=A2FGELUUNOQJNL&pf_rd_p=2f80ce0f-cde7-404b-a728-2edf16584db1&pf_rd_r=TPQ3B1FNQFA5M2BGEGD3&pf_rd_s=center-1&pf_rd_t=15506&pf_rd_i=top&ref_=chttp_tt_250
150,151,Raging Bull,1980,/title/tt10189514/?pf_rd_m=A2FGELUUNOQJNL&pf_rd_p=2f80ce0f-cde7-404b-a728-2edf16584db1&pf_rd_r=TPQ3B1FNQFA5M2BGEGD3&pf_rd_s=center-1&pf_rd_t=15506&pf_rd_i=top&ref_=chttp_tt_250
151,152,Dune,2021,/title/tt10189514/?pf_rd_m=A2FGELUUNOQJNL&pf_rd_p=2f80ce0f-cde7-404b-a728-2edf16584db1&pf_rd_r=TPQ3B1FNQFA5M2BGEGD3&pf_rd_s=center-1&pf_rd_t=15506&pf_rd_i=top&ref_=chttp_tt_250
152,153,Chinatown,1974,/title/tt10189514/?pf_rd_m=A2FGELUUNOQJNL&pf_rd_p=2f80ce0f-cde7-404b-a728-2edf16584db1&pf_rd_r=TPQ3B1FNQFA5M2BGEGD3&pf_rd_s=center-1&pf_rd_t=15506&pf_rd_i=top&ref_=chttp_tt_250
153,154,My Neighbor Totoro,1988,/title/tt10189514/?pf_rd_m=A2FGELUUNOQJNL&pf_rd_p=2f80ce0f-cde7-404b-a728-2edf16584db1&pf_rd_r=TPQ3B1FNQFA5M2BGEGD3&pf_rd_s=center-1&pf_rd_t=15506&pf_rd_i=top&ref_=chttp_tt_250
154,155,"Lock, Stock and Two Smoking Barrels",1998,/title/tt10189514/?pf_rd_m=A2FGELUUNOQJNL&pf_rd_p=2f80ce0f-cde7-404b-a728-2edf16584db1&pf_rd_r=TPQ3B1FNQFA5M2BGEGD3&pf_rd_s=center-1&pf_rd_t=15506&pf_rd_i=top&ref_=chttp_tt_250
155,156,Shutter Island,2010,/title/tt10189514/?pf_rd_m=A2FGELUUNOQJNL&pf_rd_p=2f80ce0f-cde7-404b-a728-2edf16584db1&pf_rd_r=TPQ3B1FNQFA5M2BGEGD3&pf_rd_s=center-1&pf_rd_t=15506&pf_rd_i=top&ref_=chttp_tt_250
156,157,The Gold Rush,1925,/title/tt10189514/?pf_rd_m=A2FGELUUNOQJNL&pf_rd_p=2f80ce0f-cde7-404b-a728-2edf16584db1&pf_rd_r=TPQ3B1FNQFA5M2BGEGD3&pf_rd_s=center-1&pf_rd_t=15506&pf_rd_i=top&ref_=chttp_tt_250
157,158,No Country for Old Men,2007,/title/tt10189514/?pf_rd_m=A2FGELUUNOQJNL&pf_rd_p=2f80ce0f-cde7-404b-a728-2edf16584db1&pf_rd_r=TPQ3B1FNQFA5M2BGEGD3&pf_rd_s=center-1&pf_rd_t=15506&pf_rd_i=top&ref_=chttp_tt_250
158,159,Dial M for Murder,1954,/title/tt10189514/?pf_rd_m=A2FGELUUNOQJNL&pf_rd_p=2f80ce0f-cde7-404b-a728-2edf16584db1&pf_rd_r=TPQ3B1FNQFA5M2BGEGD3&pf_rd_s=center-1&pf_rd_t=15506&pf_rd_i=top&ref_=chttp_tt_250
159,160,The Seventh Seal,1957,/title/tt10189514/?pf_rd_m=A2FGELUUNOQJNL&pf_rd_p=2f80ce0f-cde7-404b-a728-2edf16584db1&pf_rd_r=TPQ3B1FNQFA5M2BGEGD3&pf_rd_s=center-1&pf_rd_t=15506&pf_rd_i=top&ref_=chttp_tt_250
160,161,"Three Billboards Outside Ebbing, Missouri",2017,/title/tt10189514/?pf_rd_m=A2FGELUUNOQJNL&pf_rd_p=2f80ce0f-cde7-404b-a728-2edf16584db1&pf_rd_r=TPQ3B1FNQFA5M2BGEGD3&pf_rd_s=center-1&pf_rd_t=15506&pf_rd_i=top&ref_=chttp_tt_250
161,162,The Thing,1982,/title/tt10189514/?pf_rd_m=A2FGELUUNOQJNL&pf_rd_p=2f80ce0f-cde7-404b-a728-2edf16584db1&pf_rd_r=TPQ3B1FNQFA5M2BGEGD3&pf_rd_s=center-1&pf_rd_t=15506&pf_rd_i=top&ref_=chttp_tt_250
162,163,The Elephant Man,1980,/title/tt10189514/?pf_rd_m=A2FGELUUNOQJNL&pf_rd_p=2f80ce0f-cde7-404b-a728-2edf16584db1&pf_rd_r=TPQ3B1FNQFA5M2BGEGD3&pf_rd_s=center-1&pf_rd_t=15506&pf_rd_i=top&ref_=chttp_tt_250
163,164,The Sixth Sense,1999,/title/tt10189514/?pf_rd_m=A2FGELUUNOQJNL&pf_rd_p=2f80ce0f-cde7-404b-a728-2edf16584db1&pf_rd_r=TPQ3B1FNQFA5M2BGEGD3&pf_rd_s=center-1&pf_rd_t=15506&pf_rd_i=top&ref_=chttp_tt_250
164,165,Klaus,2019,/title/tt10189514/?pf_rd_m=A2FGELUUNOQJNL&pf_rd_p=2f80ce0f-cde7-404b-a728-2edf16584db1&pf_rd_r=TPQ3B1FNQFA5M2BGEGD3&pf_rd_s=center-1&pf_rd_t=15506&pf_rd_i=top&ref_=chttp_tt_250
165,166,Wild Strawberries,1957,/title/tt10189514/?pf_rd_m=A2FGELUUNOQJNL&pf_rd_p=2f80ce0f-cde7-404b-a728-2edf16584db1&pf_rd_r=TPQ3B1FNQFA5M2BGEGD3&pf_rd_s=center-1&pf_rd_t=15506&pf_rd_i=top&ref_=chttp_tt_250
166,167,The Third Man,1949,/title/tt10189514/?pf_rd_m=A2FGELUUNOQJNL&pf_rd_p=2f80ce0f-cde7-404b-a728-2edf16584db1&pf_rd_r=TPQ3B1FNQFA5M2BGEGD3&pf_rd_s=center-1&pf_rd_t=15506&pf_rd_i=top&ref_=chttp_tt_250
167,168,The Truman Show,1998,/title/tt10189514/?pf_rd_m=A2FGELUUNOQJNL&pf_rd_p=2f80ce0f-cde7-404b-a728-2edf16584db1&pf_rd_r=TPQ3B1FNQFA5M2BGEGD3&pf_rd_s=center-1&pf_rd_t=15506&pf_rd_i=top&ref_=chttp_tt_250
168,169,Jurassic Park,1993,/title/tt10189514/?pf_rd_m=A2FGELUUNOQJNL&pf_rd_p=2f80ce0f-cde7-404b-a728-2edf16584db1&pf_rd_r=TPQ3B1FNQFA5M2BGEGD3&pf_rd_s=center-1&pf_rd_t=15506&pf_rd_i=top&ref_=chttp_tt_250
169,170,V for Vendetta,2005,/title/tt10189514/?pf_rd_m=A2FGELUUNOQJNL&pf_rd_p=2f80ce0f-cde7-404b-a728-2edf16584db1&pf_rd_r=TPQ3B1FNQFA5M2BGEGD3&pf_rd_s=center-1&pf_rd_t=15506&pf_rd_i=top&ref_=chttp_tt_250
170,171,Memories of Murder,2003,/title/tt10189514/?pf_rd_m=A2FGELUUNOQJNL&pf_rd_p=2f80ce0f-cde7-404b-a728-2edf16584db1&pf_rd_r=TPQ3B1FNQFA5M2BGEGD3&pf_rd_s=center-1&pf_rd_t=15506&pf_rd_i=top&ref_=chttp_tt_250
171,172,Blade Runner,1982,/title/tt10189514/?pf_rd_m=A2FGELUUNOQJNL&pf_rd_p=2f80ce0f-cde7-404b-a728-2edf16584db1&pf_rd_r=TPQ3B1FNQFA5M2BGEGD3&pf_rd_s=center-1&pf_rd_t=15506&pf_rd_i=top&ref_=chttp_tt_250
172,173,Inside Out,2015,/title/tt10189514/?pf_rd_m=A2FGELUUNOQJNL&pf_rd_p=2f80ce0f-cde7-404b-a728-2edf16584db1&pf_rd_r=TPQ3B1FNQFA5M2BGEGD3&pf_rd_s=center-1&pf_rd_t=15506&pf_rd_i=top&ref_=chttp_tt_250
173,174,Trainspotting,1996,/title/tt10189514/?pf_rd_m=A2FGELUUNOQJNL&pf_rd_p=2f80ce0f-cde7-404b-a728-2edf16584db1&pf_rd_r=TPQ3B1FNQFA5M2BGEGD3&pf_rd_s=center-1&pf_rd_t=15506&pf_rd_i=top&ref_=chttp_tt_250
174,175,The Bridge on the River Kwai,1957,/title/tt10189514/?pf_rd_m=A2FGELUUNOQJNL&pf_rd_p=2f80ce0f-cde7-404b-a728-2edf16584db1&pf_rd_r=TPQ3B1FNQFA5M2BGEGD3&pf_rd_s=center-1&pf_rd_t=15506&pf_rd_i=top&ref_=chttp_tt_250
175,176,Fargo,1996,/title/tt10189514/?pf_rd_m=A2FGELUUNOQJNL&pf_rd_p=2f80ce0f-cde7-404b-a728-2edf16584db1&pf_rd_r=TPQ3B1FNQFA5M2BGEGD3&pf_rd_s=center-1&pf_rd_t=15506&pf_rd_i=top&ref_=chttp_tt_250
176,177,Warrior,2011,/title/tt10189514/?pf_rd_m=A2FGELUUNOQJNL&pf_rd_p=2f80ce0f-cde7-404b-a728-2edf16584db1&pf_rd_r=TPQ3B1FNQFA5M2BGEGD3&pf_rd_s=center-1&pf_rd_t=15506&pf_rd_i=top&ref_=chttp_tt_250
177,178,Finding Nemo,2003,/title/tt10189514/?pf_rd_m=A2FGELUUNOQJNL&pf_rd_p=2f80ce0f-cde7-404b-a728-2edf16584db1&pf_rd_r=TPQ3B1FNQFA5M2BGEGD3&pf_rd_s=center-1&pf_rd_t=15506&pf_rd_i=top&ref_=chttp_tt_250
178,179,Kill Bill: Vol,2003,/title/tt10189514/?pf_rd_m=A2FGELUUNOQJNL&pf_rd_p=2f80ce0f-cde7-404b-a728-2edf16584db1&pf_rd_r=TPQ3B1FNQFA5M2BGEGD3&pf_rd_s=center-1&pf_rd_t=15506&pf_rd_i=top&ref_=chttp_tt_250
179,180,Gone with the Wind,1939,/title/tt10189514/?pf_rd_m=A2FGELUUNOQJNL&pf_rd_p=2f80ce0f-cde7-404b-a728-2edf16584db1&pf_rd_r=TPQ3B1FNQFA5M2BGEGD3&pf_rd_s=center-1&pf_rd_t=15506&pf_rd_i=top&ref_=chttp_tt_250
180,181,Tokyo Story,1953,/title/tt10189514/?pf_rd_m=A2FGELUUNOQJNL&pf_rd_p=2f80ce0f-cde7-404b-a728-2edf16584db1&pf_rd_r=TPQ3B1FNQFA5M2BGEGD3&pf_rd_s=center-1&pf_rd_t=15506&pf_rd_i=top&ref_=chttp_tt_250
181,182,On the Waterfront,1954,/title/tt10189514/?pf_rd_m=A2FGELUUNOQJNL&pf_rd_p=2f80ce0f-cde7-404b-a728-2edf16584db1&pf_rd_r=TPQ3B1FNQFA5M2BGEGD3&pf_rd_s=center-1&pf_rd_t=15506&pf_rd_i=top&ref_=chttp_tt_250
182,183,My Father and My Son,2005,/title/tt10189514/?pf_rd_m=A2FGELUUNOQJNL&pf_rd_p=2f80ce0f-cde7-404b-a728-2edf16584db1&pf_rd_r=TPQ3B1FNQFA5M2BGEGD3&pf_rd_s=center-1&pf_rd_t=15506&pf_rd_i=top&ref_=chttp_tt_250
183,184,Stalker,1979,/title/tt10189514/?pf_rd_m=A2FGELUUNOQJNL&pf_rd_p=2f80ce0f-cde7-404b-a728-2edf16584db1&pf_rd_r=TPQ3B1FNQFA5M2BGEGD3&pf_rd_s=center-1&pf_rd_t=15506&pf_rd_i=top&ref_=chttp_tt_250
184,185,Wild Tales,2014,/title/tt10189514/?pf_rd_m=A2FGELUUNOQJNL&pf_rd_p=2f80ce0f-cde7-404b-a728-2edf16584db1&pf_rd_r=TPQ3B1FNQFA5M2BGEGD3&pf_rd_s=center-1&pf_rd_t=15506&pf_rd_i=top&ref_=chttp_tt_250
185,186,Z,1969,/title/tt10189514/?pf_rd_m=A2FGELUUNOQJNL&pf_rd_p=2f80ce0f-cde7-404b-a728-2edf16584db1&pf_rd_r=TPQ3B1FNQFA5M2BGEGD3&pf_rd_s=center-1&pf_rd_t=15506&pf_rd_i=top&ref_=chttp_tt_250
186,187,The Deer Hunter,1978,/title/tt10189514/?pf_rd_m=A2FGELUUNOQJNL&pf_rd_p=2f80ce0f-cde7-404b-a728-2edf16584db1&pf_rd_r=TPQ3B1FNQFA5M2BGEGD3&pf_rd_s=center-1&pf_rd_t=15506&pf_rd_i=top&ref_=chttp_tt_250
187,188,Sherlock Jr,1924,/title/tt10189514/?pf_rd_m=A2FGELUUNOQJNL&pf_rd_p=2f80ce0f-cde7-404b-a728-2edf16584db1&pf_rd_r=TPQ3B1FNQFA5M2BGEGD3&pf_rd_s=center-1&pf_rd_t=15506&pf_rd_i=top&ref_=chttp_tt_250
188,189,Gran Torino,2008,/title/tt10189514/?pf_rd_m=A2FGELUUNOQJNL&pf_rd_p=2f80ce0f-cde7-404b-a728-2edf16584db1&pf_rd_r=TPQ3B1FNQFA5M2BGEGD3&pf_rd_s=center-1&pf_rd_t=15506&pf_rd_i=top&ref_=chttp_tt_250
189,190,The General,1926,/title/tt10189514/?pf_rd_m=A2FGELUUNOQJNL&pf_rd_p=2f80ce0f-cde7-404b-a728-2edf16584db1&pf_rd_r=TPQ3B1FNQFA5M2BGEGD3&pf_rd_s=center-1&pf_rd_t=15506&pf_rd_i=top&ref_=chttp_tt_250
190,191,Persona,1966,/title/tt10189514/?pf_rd_m=A2FGELUUNOQJNL&pf_rd_p=2f80ce0f-cde7-404b-a728-2edf16584db1&pf_rd_r=TPQ3B1FNQFA5M2BGEGD3&pf_rd_s=center-1&pf_rd_t=15506&pf_rd_i=top&ref_=chttp_tt_250
191,192,Prisoners,2013,/title/tt10189514/?pf_rd_m=A2FGELUUNOQJNL&pf_rd_p=2f80ce0f-cde7-404b-a728-2edf16584db1&pf_rd_r=TPQ3B1FNQFA5M2BGEGD3&pf_rd_s=center-1&pf_rd_t=15506&pf_rd_i=top&ref_=chttp_tt_250
192,193,The Grand Budapest Hotel,2014,/title/tt10189514/?pf_rd_m=A2FGELUUNOQJNL&pf_rd_p=2f80ce0f-cde7-404b-a728-2edf16584db1&pf_rd_r=TPQ3B1FNQFA5M2BGEGD3&pf_rd_s=center-1&pf_rd_t=15506&pf_rd_i=top&ref_=chttp_tt_250
193,194,Before Sunrise,1995,/title/tt10189514/?pf_rd_m=A2FGELUUNOQJNL&pf_rd_p=2f80ce0f-cde7-404b-a728-2edf16584db1&pf_rd_r=TPQ3B1FNQFA5M2BGEGD3&pf_rd_s=center-1&pf_rd_t=15506&pf_rd_i=top&ref_=chttp_tt_250
194,195,Mary and Max,2009,/title/tt10189514/?pf_rd_m=A2FGELUUNOQJNL&pf_rd_p=2f80ce0f-cde7-404b-a728-2edf16584db1&pf_rd_r=TPQ3B1FNQFA5M2BGEGD3&pf_rd_s=center-1&pf_rd_t=15506&pf_rd_i=top&ref_=chttp_tt_250
195,196,Mr,1939,/title/tt10189514/?pf_rd_m=A2FGELUUNOQJNL&pf_rd_p=2f80ce0f-cde7-404b-a728-2edf16584db1&pf_rd_r=TPQ3B1FNQFA5M2BGEGD3&pf_rd_s=center-1&pf_rd_t=15506&pf_rd_i=top&ref_=chttp_tt_250
196,197,Catch Me If You Can,2002,/title/tt10189514/?pf_rd_m=A2FGELUUNOQJNL&pf_rd_p=2f80ce0f-cde7-404b-a728-2edf16584db1&pf_rd_r=TPQ3B1FNQFA5M2BGEGD3&pf_rd_s=center-1&pf_rd_t=15506&pf_rd_i=top&ref_=chttp_tt_250
197,198,In the Name of the Father,1993,/title/tt10189514/?pf_rd_m=A2FGELUUNOQJNL&pf_rd_p=2f80ce0f-cde7-404b-a728-2edf16584db1&pf_rd_r=TPQ3B1FNQFA5M2BGEGD3&pf_rd_s=center-1&pf_rd_t=15506&pf_rd_i=top&ref_=chttp_tt_250
198,199,Room,2015,/title/tt10189514/?pf_rd_m=A2FGELUUNOQJNL&pf_rd_p=2f80ce0f-cde7-404b-a728-2edf16584db1&pf_rd_r=TPQ3B1FNQFA5M2BGEGD3&pf_rd_s=center-1&pf_rd_t=15506&pf_rd_i=top&ref_=chttp_tt_250
199,200,Barry Lyndon,1975,/title/tt10189514/?pf_rd_m=A2FGELUUNOQJNL&pf_rd_p=2f80ce0f-cde7-404b-a728-2edf16584db1&pf_rd_r=TPQ3B1FNQFA5M2BGEGD3&pf_rd_s=center-1&pf_rd_t=15506&pf_rd_i=top&ref_=chttp_tt_250
200,201,Gone Girl,2014,/title/tt10189514/?pf_rd_m=A2FGELUUNOQJNL&pf_rd_p=2f80ce0f-cde7-404b-a728-2edf16584db1&pf_rd_r=TPQ3B1FNQFA5M2BGEGD3&pf_rd_s=center-1&pf_rd_t=15506&pf_rd_i=top&ref_=chttp_tt_250
201,202,Hacksaw Ridge,2016,/title/tt10189514/?pf_rd_m=A2FGELUUNOQJNL&pf_rd_p=2f80ce0f-cde7-404b-a728-2edf16584db1&pf_rd_r=TPQ3B1FNQFA5M2BGEGD3&pf_rd_s=center-1&pf_rd_t=15506&pf_rd_i=top&ref_=chttp_tt_250
202,203,The Passion of Joan of Arc,1928,/title/tt10189514/?pf_rd_m=A2FGELUUNOQJNL&pf_rd_p=2f80ce0f-cde7-404b-a728-2edf16584db1&pf_rd_r=TPQ3B1FNQFA5M2BGEGD3&pf_rd_s=center-1&pf_rd_t=15506&pf_rd_i=top&ref_=chttp_tt_250
203,204,Andhadhun,2018,/title/tt10189514/?pf_rd_m=A2FGELUUNOQJNL&pf_rd_p=2f80ce0f-cde7-404b-a728-2edf16584db1&pf_rd_r=TPQ3B1FNQFA5M2BGEGD3&pf_rd_s=center-1&pf_rd_t=15506&pf_rd_i=top&ref_=chttp_tt_250
204,205,Ford v Ferrari,2019,/title/tt10189514/?pf_rd_m=A2FGELUUNOQJNL&pf_rd_p=2f80ce0f-cde7-404b-a728-2edf16584db1&pf_rd_r=TPQ3B1FNQFA5M2BGEGD3&pf_rd_s=center-1&pf_rd_t=15506&pf_rd_i=top&ref_=chttp_tt_250
205,206,12 Years a Slave,2013,/title/tt10189514/?pf_rd_m=A2FGELUUNOQJNL&pf_rd_p=2f80ce0f-cde7-404b-a728-2edf16584db1&pf_rd_r=TPQ3B1FNQFA5M2BGEGD3&pf_rd_s=center-1&pf_rd_t=15506&pf_rd_i=top&ref_=chttp_tt_250
206,207,To Be or Not to Be,1942,/title/tt10189514/?pf_rd_m=A2FGELUUNOQJNL&pf_rd_p=2f80ce0f-cde7-404b-a728-2edf16584db1&pf_rd_r=TPQ3B1FNQFA5M2BGEGD3&pf_rd_s=center-1&pf_rd_t=15506&pf_rd_i=top&ref_=chttp_tt_250
207,208,The Big Lebowski,1998,/title/tt10189514/?pf_rd_m=A2FGELUUNOQJNL&pf_rd_p=2f80ce0f-cde7-404b-a728-2edf16584db1&pf_rd_r=TPQ3B1FNQFA5M2BGEGD3&pf_rd_s=center-1&pf_rd_t=15506&pf_rd_i=top&ref_=chttp_tt_250
208,209,Autumn Sonata,1978,/title/tt10189514/?pf_rd_m=A2FGELUUNOQJNL&pf_rd_p=2f80ce0f-cde7-404b-a728-2edf16584db1&pf_rd_r=TPQ3B1FNQFA5M2BGEGD3&pf_rd_s=center-1&pf_rd_t=15506&pf_rd_i=top&ref_=chttp_tt_250
209,210,How to Train Your Dragon,2010,/title/tt10189514/?pf_rd_m=A2FGELUUNOQJNL&pf_rd_p=2f80ce0f-cde7-404b-a728-2edf16584db1&pf_rd_r=TPQ3B1FNQFA5M2BGEGD3&pf_rd_s=center-1&pf_rd_t=15506&pf_rd_i=top&ref_=chttp_tt_250
210,211,Dead Poets Society,1989,/title/tt10189514/?pf_rd_m=A2FGELUUNOQJNL&pf_rd_p=2f80ce0f-cde7-404b-a728-2edf16584db1&pf_rd_r=TPQ3B1FNQFA5M2BGEGD3&pf_rd_s=center-1&pf_rd_t=15506&pf_rd_i=top&ref_=chttp_tt_250
211,212,Mad Max: Fury Road,2015,/title/tt10189514/?pf_rd_m=A2FGELUUNOQJNL&pf_rd_p=2f80ce0f-cde7-404b-a728-2edf16584db1&pf_rd_r=TPQ3B1FNQFA5M2BGEGD3&pf_rd_s=center-1&pf_rd_t=15506&pf_rd_i=top&ref_=chttp_tt_250
212,213,Ben-Hur,1959,/title/tt10189514/?pf_rd_m=A2FGELUUNOQJNL&pf_rd_p=2f80ce0f-cde7-404b-a728-2edf16584db1&pf_rd_r=TPQ3B1FNQFA5M2BGEGD3&pf_rd_s=center-1&pf_rd_t=15506&pf_rd_i=top&ref_=chttp_tt_250
213,214,Harry Potter and the Deathly Hallows: Part 2,2011,/title/tt10189514/?pf_rd_m=A2FGELUUNOQJNL&pf_rd_p=2f80ce0f-cde7-404b-a728-2edf16584db1&pf_rd_r=TPQ3B1FNQFA5M2BGEGD3&pf_rd_s=center-1&pf_rd_t=15506&pf_rd_i=top&ref_=chttp_tt_250
214,215,Million Dollar Baby,2004,/title/tt10189514/?pf_rd_m=A2FGELUUNOQJNL&pf_rd_p=2f80ce0f-cde7-404b-a728-2edf16584db1&pf_rd_r=TPQ3B1FNQFA5M2BGEGD3&pf_rd_s=center-1&pf_rd_t=15506&pf_rd_i=top&ref_=chttp_tt_250
215,216,The Wages of Fear,1953,/title/tt10189514/?pf_rd_m=A2FGELUUNOQJNL&pf_rd_p=2f80ce0f-cde7-404b-a728-2edf16584db1&pf_rd_r=TPQ3B1FNQFA5M2BGEGD3&pf_rd_s=center-1&pf_rd_t=15506&pf_rd_i=top&ref_=chttp_tt_250
216,217,The Handmaiden,2016,/title/tt10189514/?pf_rd_m=A2FGELUUNOQJNL&pf_rd_p=2f80ce0f-cde7-404b-a728-2edf16584db1&pf_rd_r=TPQ3B1FNQFA5M2BGEGD3&pf_rd_s=center-1&pf_rd_t=15506&pf_rd_i=top&ref_=chttp_tt_250
217,218,Stand by Me,1986,/title/tt10189514/?pf_rd_m=A2FGELUUNOQJNL&pf_rd_p=2f80ce0f-cde7-404b-a728-2edf16584db1&pf_rd_r=TPQ3B1FNQFA5M2BGEGD3&pf_rd_s=center-1&pf_rd_t=15506&pf_rd_i=top&ref_=chttp_tt_250
218,219,Network,1976,/title/tt10189514/?pf_rd_m=A2FGELUUNOQJNL&pf_rd_p=2f80ce0f-cde7-404b-a728-2edf16584db1&pf_rd_r=TPQ3B1FNQFA5M2BGEGD3&pf_rd_s=center-1&pf_rd_t=15506&pf_rd_i=top&ref_=chttp_tt_250
219,220,Logan,2017,/title/tt10189514/?pf_rd_m=A2FGELUUNOQJNL&pf_rd_p=2f80ce0f-cde7-404b-a728-2edf16584db1&pf_rd_r=TPQ3B1FNQFA5M2BGEGD3&pf_rd_s=center-1&pf_rd_t=15506&pf_rd_i=top&ref_=chttp_tt_250
220,221,Cool Hand Luke,1967,/title/tt10189514/?pf_rd_m=A2FGELUUNOQJNL&pf_rd_p=2f80ce0f-cde7-404b-a728-2edf16584db1&pf_rd_r=TPQ3B1FNQFA5M2BGEGD3&pf_rd_s=center-1&pf_rd_t=15506&pf_rd_i=top&ref_=chttp_tt_250
221,222,Hachi: A Dog's Tale,2009,/title/tt10189514/?pf_rd_m=A2FGELUUNOQJNL&pf_rd_p=2f80ce0f-cde7-404b-a728-2edf16584db1&pf_rd_r=TPQ3B1FNQFA5M2BGEGD3&pf_rd_s=center-1&pf_rd_t=15506&pf_rd_i=top&ref_=chttp_tt_250
222,223,Gangs of Wasseypur,2012,/title/tt10189514/?pf_rd_m=A2FGELUUNOQJNL&pf_rd_p=2f80ce0f-cde7-404b-a728-2edf16584db1&pf_rd_r=TPQ3B1FNQFA5M2BGEGD3&pf_rd_s=center-1&pf_rd_t=15506&pf_rd_i=top&ref_=chttp_tt_250
223,224,La Haine,1995,/title/tt10189514/?pf_rd_m=A2FGELUUNOQJNL&pf_rd_p=2f80ce0f-cde7-404b-a728-2edf16584db1&pf_rd_r=TPQ3B1FNQFA5M2BGEGD3&pf_rd_s=center-1&pf_rd_t=15506&pf_rd_i=top&ref_=chttp_tt_250
224,225,The 400 Blows,1959,/title/tt10189514/?pf_rd_m=A2FGELUUNOQJNL&pf_rd_p=2f80ce0f-cde7-404b-a728-2edf16584db1&pf_rd_r=TPQ3B1FNQFA5M2BGEGD3&pf_rd_s=center-1&pf_rd_t=15506&pf_rd_i=top&ref_=chttp_tt_250
225,226,Platoon,1986,/title/tt10189514/?pf_rd_m=A2FGELUUNOQJNL&pf_rd_p=2f80ce0f-cde7-404b-a728-2edf16584db1&pf_rd_r=TPQ3B1FNQFA5M2BGEGD3&pf_rd_s=center-1&pf_rd_t=15506&pf_rd_i=top&ref_=chttp_tt_250
226,227,A Silent Voice: The Movie,2016,/title/tt10189514/?pf_rd_m=A2FGELUUNOQJNL&pf_rd_p=2f80ce0f-cde7-404b-a728-2edf16584db1&pf_rd_r=TPQ3B1FNQFA5M2BGEGD3&pf_rd_s=center-1&pf_rd_t=15506&pf_rd_i=top&ref_=chttp_tt_250
227,228,Spotlight,2015,/title/tt10189514/?pf_rd_m=A2FGELUUNOQJNL&pf_rd_p=2f80ce0f-cde7-404b-a728-2edf16584db1&pf_rd_r=TPQ3B1FNQFA5M2BGEGD3&pf_rd_s=center-1&pf_rd_t=15506&pf_rd_i=top&ref_=chttp_tt_250
228,229,Rebecca,1940,/title/tt10189514/?pf_rd_m=A2FGELUUNOQJNL&pf_rd_p=2f80ce0f-cde7-404b-a728-2edf16584db1&pf_rd_r=TPQ3B1FNQFA5M2BGEGD3&pf_rd_s=center-1&pf_rd_t=15506&pf_rd_i=top&ref_=chttp_tt_250
229,230,"Monsters, Inc",2001,/title/tt10189514/?pf_rd_m=A2FGELUUNOQJNL&pf_rd_p=2f80ce0f-cde7-404b-a728-2edf16584db1&pf_rd_r=TPQ3B1FNQFA5M2BGEGD3&pf_rd_s=center-1&pf_rd_t=15506&pf_rd_i=top&ref_=chttp_tt_250
230,231,Monty Python's Life of Brian,1979,/title/tt10189514/?pf_rd_m=A2FGELUUNOQJNL&pf_rd_p=2f80ce0f-cde7-404b-a728-2edf16584db1&pf_rd_r=TPQ3B1FNQFA5M2BGEGD3&pf_rd_s=center-1&pf_rd_t=15506&pf_rd_i=top&ref_=chttp_tt_250
231,232,The Bandit,1996,/title/tt10189514/?pf_rd_m=A2FGELUUNOQJNL&pf_rd_p=2f80ce0f-cde7-404b-a728-2edf16584db1&pf_rd_r=TPQ3B1FNQFA5M2BGEGD3&pf_rd_s=center-1&pf_rd_t=15506&pf_rd_i=top&ref_=chttp_tt_250
232,233,Hotel Rwanda,2004,/title/tt10189514/?pf_rd_m=A2FGELUUNOQJNL&pf_rd_p=2f80ce0f-cde7-404b-a728-2edf16584db1&pf_rd_r=TPQ3B1FNQFA5M2BGEGD3&pf_rd_s=center-1&pf_rd_t=15506&pf_rd_i=top&ref_=chttp_tt_250
233,234,In the Mood for Love,2000,/title/tt10189514/?pf_rd_m=A2FGELUUNOQJNL&pf_rd_p=2f80ce0f-cde7-404b-a728-2edf16584db1&pf_rd_r=TPQ3B1FNQFA5M2BGEGD3&pf_rd_s=center-1&pf_rd_t=15506&pf_rd_i=top&ref_=chttp_tt_250
234,235,Rush,2013,/title/tt10189514/?pf_rd_m=A2FGELUUNOQJNL&pf_rd_p=2f80ce0f-cde7-404b-a728-2edf16584db1&pf_rd_r=TPQ3B1FNQFA5M2BGEGD3&pf_rd_s=center-1&pf_rd_t=15506&pf_rd_i=top&ref_=chttp_tt_250
235,236,Into the Wild,2007,/title/tt10189514/?pf_rd_m=A2FGELUUNOQJNL&pf_rd_p=2f80ce0f-cde7-404b-a728-2edf16584db1&pf_rd_r=TPQ3B1FNQFA5M2BGEGD3&pf_rd_s=center-1&pf_rd_t=15506&pf_rd_i=top&ref_=chttp_tt_250
236,237,Amores perros,2000,/title/tt10189514/?pf_rd_m=A2FGELUUNOQJNL&pf_rd_p=2f80ce0f-cde7-404b-a728-2edf16584db1&pf_rd_r=TPQ3B1FNQFA5M2BGEGD3&pf_rd_s=center-1&pf_rd_t=15506&pf_rd_i=top&ref_=chttp_tt_250
237,238,Rocky,1976,/title/tt10189514/?pf_rd_m=A2FGELUUNOQJNL&pf_rd_p=2f80ce0f-cde7-404b-a728-2edf16584db1&pf_rd_r=TPQ3B1FNQFA5M2BGEGD3&pf_rd_s=center-1&pf_rd_t=15506&pf_rd_i=top&ref_=chttp_tt_250
238,239,Nausicaä of the Valley of the Wind,1984,/title/tt10189514/?pf_rd_m=A2FGELUUNOQJNL&pf_rd_p=2f80ce0f-cde7-404b-a728-2edf16584db1&pf_rd_r=TPQ3B1FNQFA5M2BGEGD3&pf_rd_s=center-1&pf_rd_t=15506&pf_rd_i=top&ref_=chttp_tt_250
239,240,It Happened One Night,1934,/title/tt10189514/?pf_rd_m=A2FGELUUNOQJNL&pf_rd_p=2f80ce0f-cde7-404b-a728-2edf16584db1&pf_rd_r=TPQ3B1FNQFA5M2BGEGD3&pf_rd_s=center-1&pf_rd_t=15506&pf_rd_i=top&ref_=chttp_tt_250
240,241,Andrei Rublev,1966,/title/tt10189514/?pf_rd_m=A2FGELUUNOQJNL&pf_rd_p=2f80ce0f-cde7-404b-a728-2edf16584db1&pf_rd_r=TPQ3B1FNQFA5M2BGEGD3&pf_rd_s=center-1&pf_rd_t=15506&pf_rd_i=top&ref_=chttp_tt_250
241,242,Before Sunset,2004,/title/tt10189514/?pf_rd_m=A2FGELUUNOQJNL&pf_rd_p=2f80ce0f-cde7-404b-a728-2edf16584db1&pf_rd_r=TPQ3B1FNQFA5M2BGEGD3&pf_rd_s=center-1&pf_rd_t=15506&pf_rd_i=top&ref_=chttp_tt_250
242,243,Fanny and Alexander,1982,/title/tt10189514/?pf_rd_m=A2FGELUUNOQJNL&pf_rd_p=2f80ce0f-cde7-404b-a728-2edf16584db1&pf_rd_r=TPQ3B1FNQFA5M2BGEGD3&pf_rd_s=center-1&pf_rd_t=15506&pf_rd_i=top&ref_=chttp_tt_250
243,244,The Battle of Algiers,1966,/title/tt10189514/?pf_rd_m=A2FGELUUNOQJNL&pf_rd_p=2f80ce0f-cde7-404b-a728-2edf16584db1&pf_rd_r=TPQ3B1FNQFA5M2BGEGD3&pf_rd_s=center-1&pf_rd_t=15506&pf_rd_i=top&ref_=chttp_tt_250
244,245,Neon Genesis Evangelion: The End of Evangelion,1997,/title/tt10189514/?pf_rd_m=A2FGELUUNOQJNL&pf_rd_p=2f80ce0f-cde7-404b-a728-2edf16584db1&pf_rd_r=TPQ3B1FNQFA5M2BGEGD3&pf_rd_s=center-1&pf_rd_t=15506&pf_rd_i=top&ref_=chttp_tt_250
245,246,The Princess Bride,1987,/title/tt10189514/?pf_rd_m=A2FGELUUNOQJNL&pf_rd_p=2f80ce0f-cde7-404b-a728-2edf16584db1&pf_rd_r=TPQ3B1FNQFA5M2BGEGD3&pf_rd_s=center-1&pf_rd_t=15506&pf_rd_i=top&ref_=chttp_tt_250
246,247,Nights of Cabiria,1957,/title/tt10189514/?pf_rd_m=A2FGELUUNOQJNL&pf_rd_p=2f80ce0f-cde7-404b-a728-2edf16584db1&pf_rd_r=TPQ3B1FNQFA5M2BGEGD3&pf_rd_s=center-1&pf_rd_t=15506&pf_rd_i=top&ref_=chttp_tt_250
247,248,"Paris, Texas",1984,/title/tt10189514/?pf_rd_m=A2FGELUUNOQJNL&pf_rd_p=2f80ce0f-cde7-404b-a728-2edf16584db1&pf_rd_r=TPQ3B1FNQFA5M2BGEGD3&pf_rd_s=center-1&pf_rd_t=15506&pf_rd_i=top&ref_=chttp_tt_250
248,249,Three Colors: Red,1994,/title/tt10189514/?pf_rd_m=A2FGELUUNOQJNL&pf_rd_p=2f80ce0f-cde7-404b-a728-2edf16584db1&pf_rd_r=TPQ3B1FNQFA5M2BGEGD3&pf_rd_s=center-1&pf_rd_t=15506&pf_rd_i=top&ref_=chttp_tt_250
249,250,Soorarai Pottru,2020,/title/tt10189514/?pf_rd_m=A2FGELUUNOQJNL&pf_rd_p=2f80ce0f-cde7-404b-a728-2edf16584db1&pf_rd_r=TPQ3B1FNQFA5M2BGEGD3&pf_rd_s=center-1&pf_rd_t=15506&pf_rd_i=top&ref_=chttp_tt_250
